,Year,Month,ProductCategory,Sales(In ThousandDollars),Temp high (°C),Temp avg (°C),Temp low (°C),Dew Point high (°C),Dew Point avg (°C),Dew Point low (°C),Humidity (%) high,Humidity (%) avg,Humidity (%) low,Sea Level Press. (hPa) high,Sea Level Press. (hPa) avg,Sea Level Press. (hPa) low,Visibility (km) high,Visibility (km) avg,Visibility (km) low,Wind (km/h) low,Wind (km/h) avg,Wind (km/h) high,Event,DayCategory,Monthly Nominal GDP Index (inMillion$),Monthly Real GDP Index (inMillion$),CPI,unemployment rate,CommercialBankInterestRateonCreditCardPlans,"Finance Rate on Personal Loans at Commercial Banks, 24 Month Loan",Earnings or wages  in dollars per hour,Cotton Monthly Price - US cents per Pound(lbs),Change(in%),Average upland planted(million acres),Average upland harvested(million acres),yieldperharvested acre,Production (in  480-lb netweright in million bales),Mill use  (in  480-lb netweright in million bales),Exports
0,2009,1,WomenClothing,1755.0,1.0,-2.0,-5.0,-5.0,-10.0,-13.0,69.0,54.0,39.0,1022.0,1015.0,1009.0,16.0,16.0,16.0,26.0,11.0,39.0,0.0,0.0,14421.7528954451,14407.053343022,233.402,7.8,12.03,11.44,22.05,57.7,4.02,9.296,7.559,799,12.589,4.17,11.55
1,2009,1,MenClothing,524.0,1.0,-2.0,-5.0,-5.0,-10.0,-13.0,69.0,54.0,39.0,1022.0,1015.0,1009.0,16.0,16.0,16.0,26.0,11.0,39.0,0.0,0.0,14421.7528954451,14407.053343022,233.402,7.8,12.03,11.44,22.05,57.7,4.02,9.296,7.559,799,12.589,4.17,11.55
2,2009,1,OtherClothing,936.0,1.0,-2.0,-5.0,-5.0,-10.0,-13.0,69.0,54.0,39.0,1022.0,1015.0,1009.0,16.0,16.0,16.0,26.0,11.0,39.0,0.0,0.0,14421.7528954451,14407.053343022,233.402,7.8,12.03,11.44,22.05,57.7,4.02,9.296,7.559,799,12.589,4.17,11.55
3,2009,2,WomenClothing,1729.0,7.0,3.0,-2.0,-2.5,-6.5,-12.0,65.0,50.0,37.0,1023.0,1017.0,1013.0,16.0,16.0,16.0,26.5,12.0,40.0,0.0,0.0,14389.2004660291,14366.1765714005,234.663,8.3,12.97,11.05,22.22,55.21,-4.32,9.296,7.559,799,12.589,3.87,11.1
4,2009,2,MenClothing,496.0,7.0,3.0,-2.0,-2.5,-6.5,-12.0,65.0,50.0,37.0,1023.0,1017.0,1013.0,16.0,16.0,16.0,26.5,12.0,40.0,0.0,0.0,14389.2004660291,14366.1765714005,234.663,8.3,12.97,11.05,22.22,55.21,-4.32,9.296,7.559,799,12.589,3.87,11.1
5,2009,2,OtherClothing,859.0,7.0,3.0,-2.0,-2.5,-6.5,-12.0,65.0,50.0,37.0,1023.0,1017.0,1013.0,16.0,16.0,16.0,26.5,12.0,40.0,0.0,0.0,14389.2004660291,14366.1765714005,234.663,8.3,12.97,11.05,22.22,55.21,-4.32,9.296,7.559,799,12.589,3.87,11.1
6,2009,3,WomenClothing,2256.0,11.0,7.0,3.0,1.0,-1.0,-6.0,70.0,56.0,39.0,1026.0,1022.0,1019.0,16.0,16.0,14.0,27.0,12.0,39.0,0.0,0.0,14340.7016385792,14351.7868217385,235.067,8.7,12.97,11.05,22.22,51.5,-6.72,9.296,7.559,799,12.589,3.72,11.65
7,2009,3,MenClothing,542.0,11.0,7.0,3.0,1.0,-1.0,-6.0,70.0,56.0,39.0,1026.0,1022.0,1019.0,16.0,16.0,14.0,27.0,12.0,39.0,0.0,0.0,14340.7016385792,14351.7868217385,235.067,8.7,12.97,11.05,22.22,51.5,-6.72,9.296,7.559,799,12.589,3.72,11.65
8,2009,3,OtherClothing,921.0,11.0,7.0,3.0,1.0,-1.0,-6.0,70.0,56.0,39.0,1026.0,1022.0,1019.0,16.0,16.0,14.0,27.0,12.0,39.0,0.0,0.0,14340.7016385792,14351.7868217385,235.067,8.7,12.97,11.05,22.22,51.5,-6.72,9.296,7.559,799,12.589,3.72,11.65
9,2009,4,WomenClothing,2662.0,15.5,11.5,7.0,7.5,2.5,-2.0,72.0,54.5,31.0,1021.5,1016.0,1012.5,16.0,16.0,16.0,26.5,10.5,39.0,0.0,0.0,14326.8155253522,14351.6017305356,235.582,9.0,12.97,11.05,22.13,56.78,10.25,9.296,7.559,787,12.4,3.62,12.225
10,2009,4,MenClothing,669.0,15.5,11.5,7.0,7.5,2.5,-2.0,72.0,54.5,31.0,1021.5,1016.0,1012.5,16.0,16.0,16.0,26.5,10.5,39.0,0.0,0.0,14326.8155253522,14351.6017305356,235.582,9.0,12.97,11.05,22.13,56.78,10.25,9.296,7.559,787,12.4,3.62,12.225
11,2009,4,OtherClothing,914.0,15.5,11.5,7.0,7.5,2.5,-2.0,72.0,54.5,31.0,1021.5,1016.0,1012.5,16.0,16.0,16.0,26.5,10.5,39.0,0.0,0.0,14326.8155253522,14351.6017305356,235.582,9.0,12.97,11.05,22.13,56.78,10.25,9.296,7.559,787,12.4,3.62,12.225
12,2009,5,WomenClothing,2732.0,21.0,17.0,12.0,14.0,11.0,7.0,93.0,69.0,46.0,1021.0,1017.0,1014.0,16.0,15.0,11.0,21.0,8.0,32.0,1.0,1.0,14345.9048088631,14368.1239591978,235.975,9.4,13.32,11.25,22.04,61.95,9.11,9.297,7.4,803,12.384,3.52,12.3
13,2009,5,MenClothing,650.0,21.0,17.0,12.0,14.0,11.0,7.0,93.0,69.0,46.0,1021.0,1017.0,1014.0,16.0,15.0,11.0,21.0,8.0,32.0,1.0,1.0,14345.9048088631,14368.1239591978,235.975,9.4,13.32,11.25,22.04,61.95,9.11,9.297,7.4,803,12.384,3.52,12.3
14,2009,5,OtherClothing,989.0,21.0,17.0,12.0,14.0,11.0,7.0,93.0,69.0,46.0,1021.0,1017.0,1014.0,16.0,15.0,11.0,21.0,8.0,32.0,1.0,1.0,14345.9048088631,14368.1239591978,235.975,9.4,13.32,11.25,22.04,61.95,9.11,9.297,7.4,803,12.384,3.52,12.3
15,2009,6,WomenClothing,2220.0,24.0,20.0,16.5,17.5,16.0,13.5,100.0,80.0,60.0,1015.0,1013.0,1009.5,16.0,12.0,2.0,21.0,7.0,27.0,0.0,0.0,14348.5306658082,14346.8201055735,237.172,9.5,13.32,11.25,21.96,61.39,-0.9,8.668,7.76,796,12.876,3.47,10.3
16,2009,6,MenClothing,607.0,24.0,20.0,16.5,17.5,16.0,13.5,100.0,80.0,60.0,1015.0,1013.0,1009.5,16.0,12.0,2.0,21.0,7.0,27.0,0.0,0.0,14348.5306658082,14346.8201055735,237.172,9.5,13.32,11.25,21.96,61.39,-0.9,8.668,7.76,796,12.876,3.47,10.3
17,2009,6,OtherClothing,932.0,24.0,20.0,16.5,17.5,16.0,13.5,100.0,80.0,60.0,1015.0,1013.0,1009.5,16.0,12.0,2.0,21.0,7.0,27.0,0.0,0.0,14348.5306658082,14346.8201055735,237.172,9.5,13.32,11.25,21.96,61.39,-0.9,8.668,7.76,796,12.876,3.47,10.3
18,2009,7,WomenClothing,2164.0,27.0,23.0,18.0,19.0,18.0,13.0,93.0,72.0,54.0,1014.0,1013.0,1011.0,16.0,15.0,11.0,21.0,8.0,32.0,0.0,0.0,14317.3729221509,14345.6760973542,237.6,9.5,13.32,11.25,22.0,64.8,5.55,8.905,7.753,796,12.863,3.47,9.7
19,2009,7,MenClothing,575.0,27.0,23.0,18.0,19.0,18.0,13.0,93.0,72.0,54.0,1014.0,1013.0,1011.0,16.0,15.0,11.0,21.0,8.0,32.0,0.0,0.0,14317.3729221509,14345.6760973542,237.6,9.5,13.32,11.25,22.0,64.8,5.55,8.905,7.753,796,12.863,3.47,9.7
20,2009,7,OtherClothing,901.0,27.0,23.0,18.0,19.0,18.0,13.0,93.0,72.0,54.0,1014.0,1013.0,1011.0,16.0,15.0,11.0,21.0,8.0,32.0,0.0,0.0,14317.3729221509,14345.6760973542,237.6,9.5,13.32,11.25,22.0,64.8,5.55,8.905,7.753,796,12.863,3.47,9.7
21,2009,8,WomenClothing,2371.0,28.0,24.0,21.0,21.0,19.0,17.0,90.0,71.0,53.0,1017.0,1015.0,1013.0,16.0,16.0,11.0,19.0,7.0,26.0,0.0,0.0,14424.2849012372,14435.812508554,238.282,9.6,13.71,10.89,22.16,64.26,-0.83,8.905,7.619,809,12.84,3.47,9.7
22,2009,8,MenClothing,551.0,28.0,24.0,21.0,21.0,19.0,17.0,90.0,71.0,53.0,1017.0,1015.0,1013.0,16.0,16.0,11.0,19.0,7.0,26.0,0.0,0.0,14424.2849012372,14435.812508554,238.282,9.6,13.71,10.89,22.16,64.26,-0.83,8.905,7.619,809,12.84,3.47,9.7
23,2009,8,OtherClothing,865.0,28.0,24.0,21.0,21.0,19.0,17.0,90.0,71.0,53.0,1017.0,1015.0,1013.0,16.0,16.0,11.0,19.0,7.0,26.0,0.0,0.0,14424.2849012372,14435.812508554,238.282,9.6,13.71,10.89,22.16,64.26,-0.83,8.905,7.619,809,12.84,3.47,9.7
24,2009,9,WomenClothing,2421.0,23.0,19.0,16.0,16.0,13.0,10.5,86.5,68.0,48.5,1024.0,1020.5,1016.5,16.0,16.0,16.0,21.0,8.0,27.0,0.0,0.0,14410.7771765398,14425.9727515716,238.568,9.8,13.71,10.89,22.2,64.07,-0.3,8.989,7.582,827,13.071,3.47,10.0
25,2009,9,MenClothing,579.0,23.0,19.0,16.0,16.0,13.0,10.5,86.5,68.0,48.5,1024.0,1020.5,1016.5,16.0,16.0,16.0,21.0,8.0,27.0,0.0,0.0,14410.7771765398,14425.9727515716,238.568,9.8,13.71,10.89,22.2,64.07,-0.3,8.989,7.582,827,13.071,3.47,10.0
26,2009,9,OtherClothing,819.0,23.0,19.0,16.0,16.0,13.0,10.5,86.5,68.0,48.5,1024.0,1020.5,1016.5,16.0,16.0,16.0,21.0,8.0,27.0,0.0,0.0,14410.7771765398,14425.9727515716,238.568,9.8,13.71,10.89,22.2,64.07,-0.3,8.989,7.582,827,13.071,3.47,10.0
27,2009,10,WomenClothing,2579.0,18.0,13.0,10.0,9.0,7.0,4.0,84.0,68.0,46.0,1020.0,1016.0,1013.0,16.0,16.0,16.0,23.0,9.0,34.0,0.0,0.0,14596.6054472681,14595.3930938759,238.38,10.0,13.71,10.89,22.27,66.82,4.29,8.989,7.586,799,12.631,3.37,10.0
28,2009,10,MenClothing,610.0,18.0,13.0,10.0,9.0,7.0,4.0,84.0,68.0,46.0,1020.0,1016.0,1013.0,16.0,16.0,16.0,23.0,9.0,34.0,0.0,0.0,14596.6054472681,14595.3930938759,238.38,10.0,13.71,10.89,22.27,66.82,4.29,8.989,7.586,799,12.631,3.37,10.0
29,2009,10,OtherClothing,914.0,18.0,13.0,10.0,9.0,7.0,4.0,84.0,68.0,46.0,1020.0,1016.0,1013.0,16.0,16.0,16.0,23.0,9.0,34.0,0.0,0.0,14596.6054472681,14595.3930938759,238.38,10.0,13.71,10.89,22.27,66.82,4.29,8.989,7.586,799,12.631,3.37,10.0
30,2009,11,WomenClothing,2521.0,14.0,11.0,8.0,7.0,4.0,1.5,80.0,62.0,48.0,1024.0,1020.5,1017.0,16.0,16.0,15.0,25.0,10.5,35.0,0.0,0.0,14590.4322515432,14559.4101732519,238.777,9.9,13.6,11.2,22.44,71.78,7.42,8.989,7.586,767,12.129,3.37,9.95
31,2009,11,MenClothing,620.0,14.0,11.0,8.0,7.0,4.0,1.5,80.0,62.0,48.0,1024.0,1020.5,1017.0,16.0,16.0,15.0,25.0,10.5,35.0,0.0,0.0,14590.4322515432,14559.4101732519,238.777,9.9,13.6,11.2,22.44,71.78,7.42,8.989,7.586,767,12.129,3.37,9.95
32,2009,11,OtherClothing,955.0,14.0,11.0,8.0,7.0,4.0,1.5,80.0,62.0,48.0,1024.0,1020.5,1017.0,16.0,16.0,15.0,25.0,10.5,35.0,0.0,0.0,14590.4322515432,14559.4101732519,238.777,9.9,13.6,11.2,22.44,71.78,7.42,8.989,7.586,767,12.129,3.37,9.95
33,2009,12,WomenClothing,3390.0,4.0,2.0,-1.0,-1.0,-5.0,-9.0,75.0,60.0,45.0,1024.0,1019.0,1013.0,16.0,16.0,16.0,27.0,12.0,42.0,0.0,0.0,14512.4953011728,14471.040843924,238.427,9.9,13.6,11.2,22.38,76.78,6.97,8.989,7.586,774,12.225,3.37,10.425
34,2009,12,MenClothing,930.0,4.0,2.0,-1.0,-1.0,-5.0,-9.0,75.0,60.0,45.0,1024.0,1019.0,1013.0,16.0,16.0,16.0,27.0,12.0,42.0,0.0,0.0,14512.4953011728,14471.040843924,238.427,9.9,13.6,11.2,22.38,76.78,6.97,8.989,7.586,774,12.225,3.37,10.425
35,2009,12,OtherClothing,1351.0,4.0,2.0,-1.0,-1.0,-5.0,-9.0,75.0,60.0,45.0,1024.0,1019.0,1013.0,16.0,16.0,16.0,27.0,12.0,42.0,0.0,0.0,14512.4953011728,14471.040843924,238.427,9.9,13.6,11.2,22.38,76.78,6.97,8.989,7.586,774,12.225,3.37,10.425
36,2010,1,WomenClothing,2142.0,4.0,1.0,-2.0,-5.0,-7.0,-11.0,65.0,55.0,44.0,1020.0,1017.0,1011.0,16.0,16.0,16.0,26.0,12.0,35.0,0.0,0.0,14613.9914806524,14551.0248379337,238.97,9.8,13.6,11.2,22.51,77.4,0.81,9.008,7.552,763,12.011,3.37,10.4
37,2010,1,MenClothing,476.0,4.0,1.0,-2.0,-5.0,-7.0,-11.0,65.0,55.0,44.0,1020.0,1017.0,1011.0,16.0,16.0,16.0,26.0,12.0,35.0,0.0,0.0,14613.9914806524,14551.0248379337,238.97,9.8,13.6,11.2,22.51,77.4,0.81,9.008,7.552,763,12.011,3.37,10.4
38,2010,1,OtherClothing,945.0,4.0,1.0,-2.0,-5.0,-7.0,-11.0,65.0,55.0,44.0,1020.0,1017.0,1011.0,16.0,16.0,16.0,26.0,12.0,35.0,0.0,0.0,14613.9914806524,14551.0248379337,238.97,9.8,13.6,11.2,22.51,77.4,0.81,9.008,7.552,763,12.011,3.37,10.4
39,2010,2,WomenClothing,2413.0,3.0,1.0,-2.0,-3.0,-6.0,-8.0,72.5,59.5,43.5,1011.5,1007.5,1004.0,16.0,16.0,14.0,27.0,13.0,39.5,0.0,0.0,14652.8802715638,14581.3756942286,238.862,9.8,14.26,10.83,22.57,80.04,3.41,9.008,7.552,763,12.011,3.37,11.4
40,2010,2,MenClothing,471.0,3.0,1.0,-2.0,-3.0,-6.0,-8.0,72.5,59.5,43.5,1011.5,1007.5,1004.0,16.0,16.0,14.0,27.0,13.0,39.5,0.0,0.0,14652.8802715638,14581.3756942286,238.862,9.8,14.26,10.83,22.57,80.04,3.41,9.008,7.552,763,12.011,3.37,11.4
41,2010,2,OtherClothing,869.0,3.0,1.0,-2.0,-3.0,-6.0,-8.0,72.5,59.5,43.5,1011.5,1007.5,1004.0,16.0,16.0,14.0,27.0,13.0,39.5,0.0,0.0,14652.8802715638,14581.3756942286,238.862,9.8,14.26,10.83,22.57,80.04,3.41,9.008,7.552,763,12.011,3.37,11.4
42,2010,3,WomenClothing,3102.0,12.0,9.0,5.0,2.0,-1.0,-4.0,75.0,57.0,36.0,1016.0,1011.0,1008.0,16.0,16.0,16.0,27.0,12.0,37.0,0.0,0.0,14776.3172477831,14682.0107425024,240.101,9.9,14.26,10.83,22.48,85.79,7.18,9.008,7.552,763,12.011,3.47,11.375
43,2010,3,MenClothing,568.0,12.0,9.0,5.0,2.0,-1.0,-4.0,75.0,57.0,36.0,1016.0,1011.0,1008.0,16.0,16.0,16.0,27.0,12.0,37.0,0.0,0.0,14776.3172477831,14682.0107425024,240.101,9.9,14.26,10.83,22.48,85.79,7.18,9.008,7.552,763,12.011,3.47,11.375
44,2010,3,OtherClothing,941.0,12.0,9.0,5.0,2.0,-1.0,-4.0,75.0,57.0,36.0,1016.0,1011.0,1008.0,16.0,16.0,16.0,27.0,12.0,37.0,0.0,0.0,14776.3172477831,14682.0107425024,240.101,9.9,14.26,10.83,22.48,85.79,7.18,9.008,7.552,763,12.011,3.47,11.375
46,2010,4,MenClothing,630.0,20.0,14.0,8.0,7.5,4.0,-3.0,72.5,52.5,26.5,1015.5,1012.5,1009.0,16.0,16.0,16.0,23.5,10.5,34.5,0.0,0.0,14844.5311931878,14724.2001528266,240.529,9.9,14.26,10.83,22.53,88.09,2.68,9.008,7.552,747,11.751,3.47,11.365
48,2010,5,WomenClothing,3221.0,24.0,19.0,14.0,15.0,11.0,7.0,84.0,63.0,35.0,1017.0,1014.0,1012.0,16.0,16.0,16.0,23.0,8.0,32.0,2.0,2.0,14875.6984356304,14741.3673469787,241.075,9.6,13.84,11.0,22.6,90.07,2.25,9.008,7.391,766,11.788,3.375,11.34
49,2010,5,MenClothing,627.0,24.0,19.0,14.0,15.0,11.0,7.0,84.0,63.0,35.0,1017.0,1014.0,1012.0,16.0,16.0,16.0,23.0,8.0,32.0,2.0,2.0,14875.6984356304,14741.3673469787,241.075,9.6,13.84,11.0,22.6,90.07,2.25,9.008,7.391,766,11.788,3.375,11.34
50,2010,5,OtherClothing,991.0,24.0,19.0,14.0,15.0,11.0,7.0,84.0,63.0,35.0,1017.0,1014.0,1012.0,16.0,16.0,16.0,23.0,8.0,32.0,2.0,2.0,14875.6984356304,14741.3673469787,241.075,9.6,13.84,11.0,22.6,90.07,2.25,9.008,7.391,766,11.788,3.375,11.34
51,2010,6,WomenClothing,2756.0,30.5,24.0,18.5,19.0,16.5,13.5,84.0,63.5,45.0,1015.0,1011.5,1010.0,16.0,16.0,12.5,21.0,7.5,30.5,0.0,0.0,14945.570371108,14772.3180512573,240.817,9.4,13.84,11.0,22.34,91.68,1.79,10.315,9.642,806,16.2,3.275,13.05
52,2010,6,MenClothing,598.0,30.5,24.0,18.5,19.0,16.5,13.5,84.0,63.5,45.0,1015.0,1011.5,1010.0,16.0,16.0,12.5,21.0,7.5,30.5,0.0,0.0,14945.570371108,14772.3180512573,240.817,9.4,13.84,11.0,22.34,91.68,1.79,10.315,9.642,806,16.2,3.275,13.05
53,2010,6,OtherClothing,984.0,30.5,24.0,18.5,19.0,16.5,13.5,84.0,63.5,45.0,1015.0,1011.5,1010.0,16.0,16.0,12.5,21.0,7.5,30.5,0.0,0.0,14945.570371108,14772.3180512573,240.817,9.4,13.84,11.0,22.34,91.68,1.79,10.315,9.642,806,16.2,3.275,13.05
54,2010,7,WomenClothing,2749.0,32.0,28.0,23.0,21.0,19.0,15.0,79.0,60.0,34.0,1016.0,1014.0,1011.0,16.0,16.0,16.0,21.0,8.0,32.0,0.0,0.0,15019.2352626891,14833.7492771408,241.147,9.4,13.84,11.0,22.41,84.15,-8.21,10.7,10.193,836,17.75,3.37,13.8
55,2010,7,MenClothing,544.0,32.0,28.0,23.0,21.0,19.0,15.0,79.0,60.0,34.0,1016.0,1014.0,1011.0,16.0,16.0,16.0,21.0,8.0,32.0,0.0,0.0,15019.2352626891,14833.7492771408,241.147,9.4,13.84,11.0,22.41,84.15,-8.21,10.7,10.193,836,17.75,3.37,13.8
56,2010,7,OtherClothing,937.0,32.0,28.0,23.0,21.0,19.0,15.0,79.0,60.0,34.0,1016.0,1014.0,1011.0,16.0,16.0,16.0,21.0,8.0,32.0,0.0,0.0,15019.2352626891,14833.7492771408,241.147,9.4,13.84,11.0,22.41,84.15,-8.21,10.7,10.193,836,17.75,3.37,13.8
57,2010,8,WomenClothing,2807.0,30.0,26.0,21.0,19.0,16.0,13.0,81.0,63.0,41.0,1017.0,1015.0,1013.0,16.0,16.0,16.0,21.0,8.0,27.0,0.0,0.0,15036.2776269679,14824.1657696352,241.569,9.5,13.59,10.71,22.55,90.35,7.37,10.7,10.424,831,18.036,3.37,14.525
59,2010,8,OtherClothing,897.0,30.0,26.0,21.0,19.0,16.0,13.0,81.0,63.0,41.0,1017.0,1015.0,1013.0,16.0,16.0,16.0,21.0,8.0,27.0,0.0,0.0,15036.2776269679,14824.1657696352,241.569,9.5,13.59,10.71,22.55,90.35,7.37,10.7,10.424,831,18.036,3.37,14.525
60,2010,9,WomenClothing,2919.0,25.5,21.0,16.0,18.0,14.0,10.5,79.0,63.0,44.0,1019.0,1015.0,1011.5,16.0,16.0,14.0,22.0,9.0,35.0,0.0,0.0,15117.4671103891,14878.5469831135,241.485,9.5,13.59,10.71,22.6,104.73,15.92,10.829,10.566,833,18.343,3.57,15.025
61,2010,9,MenClothing,563.0,25.5,21.0,16.0,18.0,14.0,10.5,79.0,63.0,44.0,1019.0,1015.0,1011.5,16.0,16.0,14.0,22.0,9.0,35.0,0.0,0.0,15117.4671103891,14878.5469831135,241.485,9.5,13.59,10.71,22.6,104.73,15.92,10.829,10.566,833,18.343,3.57,15.025
62,2010,9,OtherClothing,839.0,25.5,21.0,16.0,18.0,14.0,10.5,79.0,63.0,44.0,1019.0,1015.0,1011.5,16.0,16.0,14.0,22.0,9.0,35.0,0.0,0.0,15117.4671103891,14878.5469831135,241.485,9.5,13.59,10.71,22.6,104.73,15.92,10.829,10.566,833,18.343,3.57,15.025
63,2010,10,WomenClothing,3071.0,18.0,14.0,10.0,9.0,6.0,3.0,83.0,63.0,42.0,1015.0,1012.0,1009.0,16.0,16.0,14.0,24.0,9.0,35.0,2.0,2.0,15219.059036066,14945.4270878445,241.981,9.4,13.59,10.71,22.7,126.55,20.83,10.829,10.566,835,18.375,3.57,15.025
64,2010,10,MenClothing,634.0,18.0,14.0,10.0,9.0,6.0,3.0,83.0,63.0,42.0,1015.0,1012.0,1009.0,16.0,16.0,14.0,24.0,9.0,35.0,2.0,2.0,15219.059036066,14945.4270878445,241.981,9.4,13.59,10.71,22.7,126.55,20.83,10.829,10.566,835,18.375,3.57,15.025
65,2010,10,OtherClothing,930.0,18.0,14.0,10.0,9.0,6.0,3.0,83.0,63.0,42.0,1015.0,1012.0,1009.0,16.0,16.0,14.0,24.0,9.0,35.0,2.0,2.0,15219.059036066,14945.4270878445,241.981,9.4,13.59,10.71,22.7,126.55,20.83,10.829,10.566,835,18.375,3.57,15.025
66,2010,11,WomenClothing,3276.0,12.0,9.0,5.0,3.0,0.0,-3.5,72.0,57.5,41.0,1024.0,1019.5,1015.0,16.0,16.0,16.0,24.0,10.5,35.0,0.0,0.0,15185.62894712,14896.6748133866,241.96,9.8,13.44,10.94,22.69,155.47,22.85,10.829,10.566,814,17.92,3.42,15.275
67,2010,11,MenClothing,669.0,12.0,9.0,5.0,3.0,0.0,-3.5,72.0,57.5,41.0,1024.0,1019.5,1015.0,16.0,16.0,16.0,24.0,10.5,35.0,0.0,0.0,15185.62894712,14896.6748133866,241.96,9.8,13.44,10.94,22.69,155.47,22.85,10.829,10.566,814,17.92,3.42,15.275
68,2010,11,OtherClothing,1035.0,12.0,9.0,5.0,3.0,0.0,-3.5,72.0,57.5,41.0,1024.0,1019.5,1015.0,16.0,16.0,16.0,24.0,10.5,35.0,0.0,0.0,15185.62894712,14896.6748133866,241.96,9.8,13.44,10.94,22.69,155.47,22.85,10.829,10.566,814,17.92,3.42,15.275
69,2010,12,WomenClothing,4360.0,3.0,1.0,-2.0,-6.0,-8.0,-9.0,68.0,57.0,45.0,1017.0,1011.0,1008.0,16.0,16.0,16.0,29.0,13.0,42.0,0.0,0.0,15285.9360167865,14975.0402068452,241.874,9.3,13.44,10.94,22.76,168.22,8.2,10.829,10.566,807,17.77,3.52,15.275
70,2010,12,MenClothing,988.0,3.0,1.0,-2.0,-6.0,-8.0,-9.0,68.0,57.0,45.0,1017.0,1011.0,1008.0,16.0,16.0,16.0,29.0,13.0,42.0,0.0,0.0,15285.9360167865,14975.0402068452,241.874,9.3,13.44,10.94,22.76,168.22,8.2,10.829,10.566,807,17.77,3.52,15.275
71,2010,12,OtherClothing,1398.0,3.0,1.0,-2.0,-6.0,-8.0,-9.0,68.0,57.0,45.0,1017.0,1011.0,1008.0,16.0,16.0,16.0,29.0,13.0,42.0,0.0,0.0,15285.9360167865,14975.0402068452,241.874,9.3,13.44,10.94,22.76,168.22,8.2,10.829,10.566,807,17.77,3.52,15.275
72,2011,1,WomenClothing,2193.0,2.0,-1.0,-4.0,-6.0,-8.0,-11.0,75.0,61.0,46.0,1020.0,1014.0,1011.0,16.0,15.0,10.0,23.0,9.0,32.0,0.0,0.0,15149.1361633756,14838.1555802799,242.639,9.1,13.44,10.94,23.16,178.93,6.37,10.769,10.505,814,17.817,3.565,15.28
73,2011,1,MenClothing,487.0,2.0,-1.0,-4.0,-6.0,-8.0,-11.0,75.0,61.0,46.0,1020.0,1014.0,1011.0,16.0,15.0,10.0,23.0,9.0,32.0,0.0,0.0,15149.1361633756,14838.1555802799,242.639,9.1,13.44,10.94,23.16,178.93,6.37,10.769,10.505,814,17.817,3.565,15.28
74,2011,1,OtherClothing,968.0,2.0,-1.0,-4.0,-6.0,-8.0,-11.0,75.0,61.0,46.0,1020.0,1014.0,1011.0,16.0,15.0,10.0,23.0,9.0,32.0,0.0,0.0,15149.1361633756,14838.1555802799,242.639,9.1,13.44,10.94,23.16,178.93,6.37,10.769,10.505,814,17.817,3.565,15.28
75,2011,2,WomenClothing,2620.0,5.5,2.5,-3.0,-2.5,-7.0,-13.5,60.0,48.0,32.5,1021.0,1016.0,1011.5,16.0,16.0,16.0,29.0,11.5,41.0,0.0,0.0,15161.5783305761,14801.7341813383,243.832,9.0,13.44,10.98,22.99,213.18,19.14,10.769,10.505,814,17.817,3.565,15.28
76,2011,2,MenClothing,497.0,5.5,2.5,-3.0,-2.5,-7.0,-13.5,60.0,48.0,32.5,1021.0,1016.0,1011.5,16.0,16.0,16.0,29.0,11.5,41.0,0.0,0.0,15161.5783305761,14801.7341813383,243.832,9.0,13.44,10.98,22.99,213.18,19.14,10.769,10.505,814,17.817,3.565,15.28
77,2011,2,OtherClothing,878.0,5.5,2.5,-3.0,-2.5,-7.0,-13.5,60.0,48.0,32.5,1021.0,1016.0,1011.5,16.0,16.0,16.0,29.0,11.5,41.0,0.0,0.0,15161.5783305761,14801.7341813383,243.832,9.0,13.44,10.98,22.99,213.18,19.14,10.769,10.505,814,17.817,3.565,15.28
78,2011,3,WomenClothing,3266.0,9.0,5.0,1.0,1.0,-3.0,-6.0,71.0,53.0,30.0,1023.0,1019.0,1013.0,16.0,16.0,16.0,27.0,13.0,39.0,0.0,0.0,15404.3985060739,15004.1154699802,245.617,9.0,13.44,10.98,22.9,229.67,7.74,10.769,10.505,814,17.817,3.565,15.28
79,2011,3,MenClothing,599.0,9.0,5.0,1.0,1.0,-3.0,-6.0,71.0,53.0,30.0,1023.0,1019.0,1013.0,16.0,16.0,16.0,27.0,13.0,39.0,0.0,0.0,15404.3985060739,15004.1154699802,245.617,9.0,13.44,10.98,22.9,229.67,7.74,10.769,10.505,814,17.817,3.565,15.28
80,2011,3,OtherClothing,1064.0,9.0,5.0,1.0,1.0,-3.0,-6.0,71.0,53.0,30.0,1023.0,1019.0,1013.0,16.0,16.0,16.0,27.0,13.0,39.0,0.0,0.0,15404.3985060739,15004.1154699802,245.617,9.0,13.44,10.98,22.9,229.67,7.74,10.769,10.505,814,17.817,3.565,15.28
81,2011,4,WomenClothing,3414.0,16.5,12.0,6.5,8.0,5.0,1.0,86.0,66.0,45.5,1018.0,1014.0,1010.5,16.0,14.5,9.0,26.0,11.0,38.0,0.0,0.0,15488.0048636643,15050.6611720031,246.489,9.1,13.44,10.98,22.96,216.62,-5.68,10.769,10.505,804,17.597,3.665,15.28
82,2011,4,MenClothing,690.0,16.5,12.0,6.5,8.0,5.0,1.0,86.0,66.0,45.5,1018.0,1014.0,1010.5,16.0,14.5,9.0,26.0,11.0,38.0,0.0,0.0,15488.0048636643,15050.6611720031,246.489,9.1,13.44,10.98,22.96,216.62,-5.68,10.769,10.505,804,17.597,3.665,15.28
83,2011,4,OtherClothing,985.0,16.5,12.0,6.5,8.0,5.0,1.0,86.0,66.0,45.5,1018.0,1014.0,1010.5,16.0,14.5,9.0,26.0,11.0,38.0,0.0,0.0,15488.0048636643,15050.6611720031,246.489,9.1,13.44,10.98,22.96,216.62,-5.68,10.769,10.505,804,17.597,3.665,15.28
84,2011,5,WomenClothing,3340.0,22.0,17.0,13.0,15.0,13.0,11.0,90.0,72.0,56.0,1017.0,1014.0,1013.0,16.0,14.0,10.0,21.0,9.0,29.0,1.0,1.0,15472.3912891333,14990.9638155792,248.073,9.0,12.89,11.37,23.06,165.52,-23.59,10.769,10.497,805,17.6,3.76,15.02
85,2011,5,MenClothing,677.0,22.0,17.0,13.0,15.0,13.0,11.0,90.0,72.0,56.0,1017.0,1014.0,1013.0,16.0,14.0,10.0,21.0,9.0,29.0,1.0,1.0,15472.3912891333,14990.9638155792,248.073,9.0,12.89,11.37,23.06,165.52,-23.59,10.769,10.497,805,17.6,3.76,15.02
86,2011,5,OtherClothing,1027.0,22.0,17.0,13.0,15.0,13.0,11.0,90.0,72.0,56.0,1017.0,1014.0,1013.0,16.0,14.0,10.0,21.0,9.0,29.0,1.0,1.0,15472.3912891333,14990.9638155792,248.073,9.0,12.89,11.37,23.06,165.52,-23.59,10.769,10.497,805,17.6,3.76,15.02
87,2011,6,WomenClothing,3232.0,27.0,23.0,18.0,17.5,16.5,13.0,90.0,70.0,49.5,1014.0,1012.0,1010.0,16.0,14.0,9.0,19.0,7.0,26.5,0.0,0.0,15422.3818472482,14927.332731337,248.505,9.1,12.89,11.37,22.81,160.65,-2.94,12.313,9.95,787,16.323,3.77,12.4
90,2011,7,WomenClothing,2896.0,32.0,27.0,22.0,21.0,19.0,16.0,84.0,64.0,38.0,1014.0,1012.0,1010.0,16.0,14.0,10.0,21.0,6.0,29.0,0.0,0.0,15547.8544517524,15011.7614106743,249.164,9.0,12.89,11.37,22.94,149.25,-7.1,13.436,9.314,785,15.225,3.77,11.325
91,2011,7,MenClothing,587.0,32.0,27.0,22.0,21.0,19.0,16.0,84.0,64.0,38.0,1014.0,1012.0,1010.0,16.0,14.0,10.0,21.0,6.0,29.0,0.0,0.0,15547.8544517524,15011.7614106743,249.164,9.0,12.89,11.37,22.94,149.25,-7.1,13.436,9.314,785,15.225,3.77,11.325
92,2011,7,OtherClothing,985.0,32.0,27.0,22.0,21.0,19.0,16.0,84.0,64.0,38.0,1014.0,1012.0,1010.0,16.0,14.0,10.0,21.0,6.0,29.0,0.0,0.0,15547.8544517524,15011.7614106743,249.164,9.0,12.89,11.37,22.94,149.25,-7.1,13.436,9.314,785,15.225,3.77,11.325
93,2011,8,WomenClothing,3245.0,29.0,24.0,19.0,21.0,18.0,16.0,93.0,70.0,47.0,1016.0,1012.0,1008.0,16.0,14.0,6.0,21.0,7.0,29.0,0.0,0.0,15649.0381355786,15085.2292553138,250.058,9.0,12.28,10.8,22.85,114.1,-23.55,13.436,9.379,809,15.817,3.77,11.65
94,2011,8,MenClothing,549.0,29.0,24.0,19.0,21.0,18.0,16.0,93.0,70.0,47.0,1016.0,1012.0,1008.0,16.0,14.0,6.0,21.0,7.0,29.0,0.0,0.0,15649.0381355786,15085.2292553138,250.058,9.0,12.28,10.8,22.85,114.1,-23.55,13.436,9.379,809,15.817,3.77,11.65
95,2011,8,OtherClothing,1001.0,29.0,24.0,19.0,21.0,18.0,16.0,93.0,70.0,47.0,1016.0,1012.0,1008.0,16.0,14.0,6.0,21.0,7.0,29.0,0.0,0.0,15649.0381355786,15085.2292553138,250.058,9.0,12.28,10.8,22.85,114.1,-23.55,13.436,9.379,809,15.817,3.77,11.65
96,2011,9,WomenClothing,3182.0,24.5,22.0,19.0,21.0,18.0,16.5,93.0,77.5,64.0,1019.5,1016.0,1014.0,16.0,13.5,8.0,19.0,7.0,26.5,0.0,0.0,15564.482412702,14966.8228660961,250.559,9.0,12.28,10.8,23.05,116.65,2.23,14.431,9.562,794,15.819,3.775,11.325
97,2011,9,MenClothing,643.0,24.5,22.0,19.0,21.0,18.0,16.5,93.0,77.5,64.0,1019.5,1016.0,1014.0,16.0,13.5,8.0,19.0,7.0,26.5,0.0,0.0,15564.482412702,14966.8228660961,250.559,9.0,12.28,10.8,23.05,116.65,2.23,14.431,9.562,794,15.819,3.775,11.325
98,2011,9,OtherClothing,930.0,24.5,22.0,19.0,21.0,18.0,16.5,93.0,77.5,64.0,1019.5,1016.0,1014.0,16.0,13.5,8.0,19.0,7.0,26.5,0.0,0.0,15564.482412702,14966.8228660961,250.559,9.0,12.28,10.8,23.05,116.65,2.23,14.431,9.562,794,15.819,3.775,11.325
100,2011,10,MenClothing,682.0,18.0,14.0,10.0,10.0,7.0,4.0,83.0,66.0,53.0,1019.0,1016.0,1013.0,16.0,16.0,16.0,21.0,8.0,29.0,1.0,1.0,15840.3854064224,15249.7634842258,250.051,8.8,12.28,10.8,23.3,110.61,-5.18,14.431,9.562,797,15.871,3.775,10.825
101,2011,10,OtherClothing,1020.0,18.0,14.0,10.0,10.0,7.0,4.0,83.0,66.0,53.0,1019.0,1016.0,1013.0,16.0,16.0,16.0,21.0,8.0,29.0,1.0,1.0,15840.3854064224,15249.7634842258,250.051,8.8,12.28,10.8,23.3,110.61,-5.18,14.431,9.562,797,15.871,3.775,10.825
102,2011,11,WomenClothing,3499.0,15.0,12.0,7.5,8.0,3.0,1.0,79.5,64.5,46.0,1022.5,1020.5,1016.5,16.0,16.0,14.0,23.5,9.0,34.5,8.0,8.0,15775.0060676968,15172.6925598969,249.317,8.6,12.36,10.36,23.15,104.68,-5.36,14.431,9.562,781,15.563,3.775,10.625
103,2011,11,MenClothing,707.0,15.0,12.0,7.5,8.0,3.0,1.0,79.5,64.5,46.0,1022.5,1020.5,1016.5,16.0,16.0,14.0,23.5,9.0,34.5,8.0,8.0,15775.0060676968,15172.6925598969,249.317,8.6,12.36,10.36,23.15,104.68,-5.36,14.431,9.562,781,15.563,3.775,10.625
104,2011,11,OtherClothing,1147.0,15.0,12.0,7.5,8.0,3.0,1.0,79.5,64.5,46.0,1022.5,1020.5,1016.5,16.0,16.0,14.0,23.5,9.0,34.5,8.0,8.0,15775.0060676968,15172.6925598969,249.317,8.6,12.36,10.36,23.15,104.68,-5.36,14.431,9.562,781,15.563,3.775,10.625
105,2011,12,WomenClothing,4775.0,10.0,6.0,3.0,4.0,-2.0,-5.0,71.0,59.0,44.0,1026.0,1021.0,1015.0,16.0,16.0,16.0,24.0,9.0,35.0,0.0,0.0,15740.5445259163,15148.8221953324,248.307,8.5,12.36,10.36,23.22,95.45,-8.82,14.431,9.562,757,15.09,3.575,10.65
106,2011,12,MenClothing,1081.0,10.0,6.0,3.0,4.0,-2.0,-5.0,71.0,59.0,44.0,1026.0,1021.0,1015.0,16.0,16.0,16.0,24.0,9.0,35.0,0.0,0.0,15740.5445259163,15148.8221953324,248.307,8.5,12.36,10.36,23.22,95.45,-8.82,14.431,9.562,757,15.09,3.575,10.65
107,2011,12,OtherClothing,1596.0,10.0,6.0,3.0,4.0,-2.0,-5.0,71.0,59.0,44.0,1026.0,1021.0,1015.0,16.0,16.0,16.0,24.0,9.0,35.0,0.0,0.0,15740.5445259163,15148.8221953324,248.307,8.5,12.36,10.36,23.22,95.45,-8.82,14.431,9.562,757,15.09,3.575,10.65
108,2012,1,WomenClothing,2287.0,7.0,4.0,1.0,-1.0,-4.0,-7.0,70.0,56.0,44.0,1020.0,1016.0,1011.0,16.0,16.0,16.0,26.0,12.0,39.0,0.0,0.0,15864.5023386066,15226.2046784787,249.322,8.3,12.36,10.36,23.56,101.11,5.93,14.426,9.444,754,14.828,3.575,10.35
109,2012,1,MenClothing,525.0,7.0,4.0,1.0,-1.0,-4.0,-7.0,70.0,56.0,44.0,1020.0,1016.0,1011.0,16.0,16.0,16.0,26.0,12.0,39.0,0.0,0.0,15864.5023386066,15226.2046784787,249.322,8.3,12.36,10.36,23.56,101.11,5.93,14.426,9.444,754,14.828,3.575,10.35
110,2012,1,OtherClothing,1039.0,7.0,4.0,1.0,-1.0,-4.0,-7.0,70.0,56.0,44.0,1020.0,1016.0,1011.0,16.0,16.0,16.0,26.0,12.0,39.0,0.0,0.0,15864.5023386066,15226.2046784787,249.322,8.3,12.36,10.36,23.56,101.11,5.93,14.426,9.444,754,14.828,3.575,10.35
111,2012,2,WomenClothing,2800.0,8.0,4.0,2.0,0.0,-5.0,-8.0,70.0,54.0,35.0,1021.0,1018.0,1014.0,16.0,16.0,16.0,26.0,11.0,37.0,0.0,0.0,16073.5753898301,15385.8470175993,250.285,8.3,12.34,10.89,23.4,100.75,-0.36,14.426,9.444,754,14.828,3.475,10.35
112,2012,2,MenClothing,545.0,8.0,4.0,2.0,0.0,-5.0,-8.0,70.0,54.0,35.0,1021.0,1018.0,1014.0,16.0,16.0,16.0,26.0,11.0,37.0,0.0,0.0,16073.5753898301,15385.8470175993,250.285,8.3,12.34,10.89,23.4,100.75,-0.36,14.426,9.444,754,14.828,3.475,10.35
114,2012,3,WomenClothing,3566.0,16.0,10.0,6.0,7.0,1.0,-3.0,77.0,57.0,36.0,1025.0,1019.0,1016.0,16.0,16.0,11.0,24.0,9.0,37.0,0.0,0.0,15983.5652716362,15261.3405819789,251.887,8.2,12.34,10.89,23.39,99.5,-1.24,14.426,9.444,754,14.828,3.375,10.35
115,2012,3,MenClothing,623.0,16.0,10.0,6.0,7.0,1.0,-3.0,77.0,57.0,36.0,1025.0,1019.0,1016.0,16.0,16.0,11.0,24.0,9.0,37.0,0.0,0.0,15983.5652716362,15261.3405819789,251.887,8.2,12.34,10.89,23.39,99.5,-1.24,14.426,9.444,754,14.828,3.375,10.35
116,2012,3,OtherClothing,1229.0,16.0,10.0,6.0,7.0,1.0,-3.0,77.0,57.0,36.0,1025.0,1019.0,1016.0,16.0,16.0,11.0,24.0,9.0,37.0,0.0,0.0,15983.5652716362,15261.3405819789,251.887,8.2,12.34,10.89,23.39,99.5,-1.24,14.426,9.444,754,14.828,3.375,10.35
117,2012,4,WomenClothing,3724.0,17.0,12.0,6.5,4.5,0.0,-4.0,69.5,50.0,28.5,1016.0,1011.0,1008.0,16.0,16.0,16.0,24.0,9.0,37.0,1.0,1.0,16091.2281000548,15340.6535798089,252.349,8.2,12.34,10.89,23.61,100.1,0.6,14.428,9.156,772,14.722,3.373,10.75
118,2012,4,MenClothing,711.0,17.0,12.0,6.5,4.5,0.0,-4.0,69.5,50.0,28.5,1016.0,1011.0,1008.0,16.0,16.0,16.0,24.0,9.0,37.0,1.0,1.0,16091.2281000548,15340.6535798089,252.349,8.2,12.34,10.89,23.61,100.1,0.6,14.428,9.156,772,14.722,3.373,10.75
119,2012,4,OtherClothing,1136.0,17.0,12.0,6.5,4.5,0.0,-4.0,69.5,50.0,28.5,1016.0,1011.0,1008.0,16.0,16.0,16.0,24.0,9.0,37.0,1.0,1.0,16091.2281000548,15340.6535798089,252.349,8.2,12.34,10.89,23.61,100.1,0.6,14.428,9.156,772,14.722,3.373,10.75
120,2012,5,WomenClothing,3800.0,22.0,18.0,14.0,16.0,13.0,11.0,96.0,79.0,63.0,1021.0,1018.0,1014.0,16.0,13.0,5.0,19.0,6.0,31.0,1.0,1.0,16121.9589634314,15354.6505826443,252.652,8.2,12.06,10.94,23.32,88.53,-11.56,14.428,9.156,772,14.722,3.373,10.75
121,2012,5,MenClothing,725.0,22.0,18.0,14.0,16.0,13.0,11.0,96.0,79.0,63.0,1021.0,1018.0,1014.0,16.0,13.0,5.0,19.0,6.0,31.0,1.0,1.0,16121.9589634314,15354.6505826443,252.652,8.2,12.06,10.94,23.32,88.53,-11.56,14.428,9.156,772,14.722,3.373,10.75
122,2012,5,OtherClothing,1155.0,22.0,18.0,14.0,16.0,13.0,11.0,96.0,79.0,63.0,1021.0,1018.0,1014.0,16.0,13.0,5.0,19.0,6.0,31.0,1.0,1.0,16121.9589634314,15354.6505826443,252.652,8.2,12.06,10.94,23.32,88.53,-11.56,14.428,9.156,772,14.722,3.373,10.75
123,2012,6,WomenClothing,3086.0,25.5,21.0,17.0,16.5,13.5,9.5,86.0,67.5,45.0,1015.0,1013.5,1010.5,16.0,16.0,11.0,19.0,7.0,32.0,0.0,0.0,16152.3659365104,15392.2492751784,252.406,8.2,12.06,10.94,23.27,82.18,-7.17,12.885,10.234,764,16.28,3.47,11.1
124,2012,6,MenClothing,703.0,25.5,21.0,17.0,16.5,13.5,9.5,86.0,67.5,45.0,1015.0,1013.5,1010.5,16.0,16.0,11.0,19.0,7.0,32.0,0.0,0.0,16152.3659365104,15392.2492751784,252.406,8.2,12.06,10.94,23.27,82.18,-7.17,12.885,10.234,764,16.28,3.47,11.1
125,2012,6,OtherClothing,1205.0,25.5,21.0,17.0,16.5,13.5,9.5,86.0,67.5,45.0,1015.0,1013.5,1010.5,16.0,16.0,11.0,19.0,7.0,32.0,0.0,0.0,16152.3659365104,15392.2492751784,252.406,8.2,12.06,10.94,23.27,82.18,-7.17,12.885,10.234,764,16.28,3.47,11.1
126,2012,7,WomenClothing,2877.0,31.0,27.0,22.0,20.0,17.0,14.0,84.0,63.0,40.0,1015.0,1013.0,1011.0,16.0,16.0,14.0,19.0,7.0,31.0,0.0,0.0,16239.4201032127,15433.3698674452,252.016,8.2,12.06,10.94,23.48,83.97,2.18,12.4,10.167,773,16.365,3.375,11.4
127,2012,7,MenClothing,613.0,31.0,27.0,22.0,20.0,17.0,14.0,84.0,63.0,40.0,1015.0,1013.0,1011.0,16.0,16.0,14.0,19.0,7.0,31.0,0.0,0.0,16239.4201032127,15433.3698674452,252.016,8.2,12.06,10.94,23.48,83.97,2.18,12.4,10.167,773,16.365,3.375,11.4
128,2012,7,OtherClothing,1049.0,31.0,27.0,22.0,20.0,17.0,14.0,84.0,63.0,40.0,1015.0,1013.0,1011.0,16.0,16.0,14.0,19.0,7.0,31.0,0.0,0.0,16239.4201032127,15433.3698674452,252.016,8.2,12.06,10.94,23.48,83.97,2.18,12.4,10.167,773,16.365,3.375,11.4
129,2012,8,WomenClothing,3059.0,29.0,25.0,21.0,21.0,17.0,14.0,87.0,68.0,46.0,1016.0,1015.0,1013.0,16.0,15.0,11.0,19.0,5.0,29.0,0.0,0.0,16161.1181717827,15317.4241933126,253.472,8.1,11.95,10.37,23.26,84.4,0.51,12.4,10.577,771,16.988,3.375,11.375
131,2012,8,OtherClothing,1124.0,29.0,25.0,21.0,21.0,17.0,14.0,87.0,68.0,46.0,1016.0,1015.0,1013.0,16.0,15.0,11.0,19.0,5.0,29.0,0.0,0.0,16161.1181717827,15317.4241933126,253.472,8.1,11.95,10.37,23.26,84.4,0.51,12.4,10.577,771,16.988,3.375,11.375
133,2012,9,MenClothing,687.0,24.0,20.5,16.0,16.0,13.0,11.5,87.0,67.5,46.0,1021.0,1017.5,1015.0,16.0,16.0,16.0,17.5,6.0,27.0,0.0,0.0,16283.2787249827,15391.8773100951,254.554,7.8,11.95,10.37,23.67,84.15,-0.3,12.121,10.206,774,16.452,3.375,11.075
134,2012,9,OtherClothing,1045.0,24.0,20.5,16.0,16.0,13.0,11.5,87.0,67.5,46.0,1021.0,1017.5,1015.0,16.0,16.0,16.0,17.5,6.0,27.0,0.0,0.0,16283.2787249827,15391.8773100951,254.554,7.8,11.95,10.37,23.67,84.15,-0.3,12.121,10.206,774,16.452,3.375,11.075
135,2012,10,WomenClothing,3168.0,18.0,14.0,12.0,13.0,9.0,6.0,86.0,73.0,56.0,1019.0,1016.0,1014.0,16.0,15.0,11.0,21.0,8.0,34.0,2.0,2.0,16208.3147572587,15292.3498602317,254.277,7.8,11.95,10.37,23.52,81.95,-2.61,12.121,10.206,782,16.63,3.375,10.875
136,2012,10,MenClothing,710.0,18.0,14.0,12.0,13.0,9.0,6.0,86.0,73.0,56.0,1019.0,1016.0,1014.0,16.0,15.0,11.0,21.0,8.0,34.0,2.0,2.0,16208.3147572587,15292.3498602317,254.277,7.8,11.95,10.37,23.52,81.95,-2.61,12.121,10.206,782,16.63,3.375,10.875
137,2012,10,OtherClothing,1158.0,18.0,14.0,12.0,13.0,9.0,6.0,86.0,73.0,56.0,1019.0,1016.0,1014.0,16.0,15.0,11.0,21.0,8.0,34.0,2.0,2.0,16208.3147572587,15292.3498602317,254.277,7.8,11.95,10.37,23.52,81.95,-2.61,12.121,10.206,782,16.63,3.375,10.875
138,2012,11,WomenClothing,3558.0,9.5,6.5,3.0,1.0,-2.0,-4.0,72.5,59.5,44.5,1024.5,1022.5,1020.0,16.0,16.0,16.0,23.0,9.0,33.0,0.0,0.0,16272.7062267461,15362.0978554107,254.285,7.7,11.88,10.64,23.58,80.87,-1.32,12.121,10.206,790,16.79,3.375,10.875
139,2012,11,MenClothing,731.0,9.5,6.5,3.0,1.0,-2.0,-4.0,72.5,59.5,44.5,1024.5,1022.5,1020.0,16.0,16.0,16.0,23.0,9.0,33.0,0.0,0.0,16272.7062267461,15362.0978554107,254.285,7.7,11.88,10.64,23.58,80.87,-1.32,12.121,10.206,790,16.79,3.375,10.875
140,2012,11,OtherClothing,1252.0,9.5,6.5,3.0,1.0,-2.0,-4.0,72.5,59.5,44.5,1024.5,1022.5,1020.0,16.0,16.0,16.0,23.0,9.0,33.0,0.0,0.0,16272.7062267461,15362.0978554107,254.285,7.7,11.88,10.64,23.58,80.87,-1.32,12.121,10.206,790,16.79,3.375,10.875
141,2012,12,WomenClothing,4824.0,8.0,5.0,2.0,3.0,-1.0,-5.0,93.0,74.0,52.0,1023.0,1017.0,1012.0,16.0,12.0,4.0,24.0,10.0,39.0,0.0,0.0,16411.0260159063,15498.6520671036,253.555,7.9,11.88,10.64,23.85,83.37,3.09,12.121,10.206,781,16.6,3.375,11.075
142,2012,12,MenClothing,1080.0,8.0,5.0,2.0,3.0,-1.0,-5.0,93.0,74.0,52.0,1023.0,1017.0,1012.0,16.0,12.0,4.0,24.0,10.0,39.0,0.0,0.0,16411.0260159063,15498.6520671036,253.555,7.9,11.88,10.64,23.85,83.37,3.09,12.121,10.206,781,16.6,3.375,11.075
143,2012,12,OtherClothing,1475.0,8.0,5.0,2.0,3.0,-1.0,-5.0,93.0,74.0,52.0,1023.0,1017.0,1012.0,16.0,12.0,4.0,24.0,10.0,39.0,0.0,0.0,16411.0260159063,15498.6520671036,253.555,7.9,11.88,10.64,23.85,83.37,3.09,12.121,10.206,781,16.6,3.375,11.075
144,2013,1,WomenClothing,2320.0,6.0,3.0,-1.0,-2.0,-5.0,-9.0,70.0,59.0,42.0,1024.0,1020.0,1016.0,16.0,16.0,14.0,24.0,10.0,37.0,0.0,0.0,16503.9156844168,15554.4268779799,254.807,8.0,11.88,10.64,23.88,85.51,2.57,12.077,9.19,849,16.25,3.38,11.475
145,2013,1,MenClothing,599.0,6.0,3.0,-1.0,-2.0,-5.0,-9.0,70.0,59.0,42.0,1024.0,1020.0,1016.0,16.0,16.0,14.0,24.0,10.0,37.0,0.0,0.0,16503.9156844168,15554.4268779799,254.807,8.0,11.88,10.64,23.88,85.51,2.57,12.077,9.19,849,16.25,3.38,11.475
146,2013,1,OtherClothing,1036.0,6.0,3.0,-1.0,-2.0,-5.0,-9.0,70.0,59.0,42.0,1024.0,1020.0,1016.0,16.0,16.0,14.0,24.0,10.0,37.0,0.0,0.0,16503.9156844168,15554.4268779799,254.807,8.0,11.88,10.64,23.88,85.51,2.57,12.077,9.19,849,16.25,3.38,11.475
147,2013,2,WomenClothing,2872.0,3.5,0.5,-2.0,-1.5,-4.0,-10.5,81.5,61.5,40.5,1023.0,1013.0,1009.0,16.0,14.5,8.0,26.0,11.0,43.5,0.0,0.0,16433.8827194721,15435.6751031323,256.234,7.7,11.94,10.12,23.9,89.71,4.91,12.077,9.19,849,16.25,3.38,11.75
148,2013,2,MenClothing,560.0,3.5,0.5,-2.0,-1.5,-4.0,-10.5,81.5,61.5,40.5,1023.0,1013.0,1009.0,16.0,14.5,8.0,26.0,11.0,43.5,0.0,0.0,16433.8827194721,15435.6751031323,256.234,7.7,11.94,10.12,23.9,89.71,4.91,12.077,9.19,849,16.25,3.38,11.75
149,2013,2,OtherClothing,1144.0,3.5,0.5,-2.0,-1.5,-4.0,-10.5,81.5,61.5,40.5,1023.0,1013.0,1009.0,16.0,14.5,8.0,26.0,11.0,43.5,0.0,0.0,16433.8827194721,15435.6751031323,256.234,7.7,11.94,10.12,23.9,89.71,4.91,12.077,9.19,849,16.25,3.38,11.75
150,2013,3,WomenClothing,3687.0,7.0,4.0,1.0,-2.0,-4.0,-8.0,75.0,56.0,37.0,1015.0,1011.0,1009.0,16.0,16.0,16.0,26.0,11.0,39.0,0.0,0.0,16488.5215961697,15485.7382618001,256.589,7.5,11.94,10.12,23.84,94.45,5.28,12.077,9.19,849,16.25,3.38,12.0
151,2013,3,MenClothing,682.0,7.0,4.0,1.0,-2.0,-4.0,-8.0,75.0,56.0,37.0,1015.0,1011.0,1009.0,16.0,16.0,16.0,26.0,11.0,39.0,0.0,0.0,16488.5215961697,15485.7382618001,256.589,7.5,11.94,10.12,23.84,94.45,5.28,12.077,9.19,849,16.25,3.38,12.0
152,2013,3,OtherClothing,1346.0,7.0,4.0,1.0,-2.0,-4.0,-8.0,75.0,56.0,37.0,1015.0,1011.0,1009.0,16.0,16.0,16.0,26.0,11.0,39.0,0.0,0.0,16488.5215961697,15485.7382618001,256.589,7.5,11.94,10.12,23.84,94.45,5.28,12.077,9.19,849,16.25,3.38,12.0
153,2013,4,WomenClothing,3883.0,16.0,12.0,7.5,5.5,2.0,-4.0,77.0,53.0,29.0,1026.0,1021.0,1016.0,16.0,16.0,15.0,26.0,9.0,42.0,3.0,3.0,16521.1339270874,15529.8356959387,255.967,7.6,11.94,10.12,23.92,92.54,-2.02,12.077,9.19,862,16.51,3.38,12.225
154,2013,4,MenClothing,718.0,16.0,12.0,7.5,5.5,2.0,-4.0,77.0,53.0,29.0,1026.0,1021.0,1016.0,16.0,16.0,15.0,26.0,9.0,42.0,3.0,3.0,16521.1339270874,15529.8356959387,255.967,7.6,11.94,10.12,23.92,92.54,-2.02,12.077,9.19,862,16.51,3.38,12.225
155,2013,4,OtherClothing,1188.0,16.0,12.0,7.5,5.5,2.0,-4.0,77.0,53.0,29.0,1026.0,1021.0,1016.0,16.0,16.0,15.0,26.0,9.0,42.0,3.0,3.0,16521.1339270874,15529.8356959387,255.967,7.6,11.94,10.12,23.92,92.54,-2.02,12.077,9.19,862,16.51,3.38,12.225
156,2013,5,WomenClothing,4170.0,21.0,16.0,12.0,14.0,10.0,4.0,83.0,61.0,42.0,1020.0,1018.0,1015.0,16.0,15.0,11.0,19.0,7.0,32.0,1.0,1.0,16461.8732325745,15450.318635209,256.27,7.5,11.95,10.34,23.8,92.62,0.09,12.076,9.135,869,16.535,3.38,12.45
157,2013,5,MenClothing,749.0,21.0,16.0,12.0,14.0,10.0,4.0,83.0,61.0,42.0,1020.0,1018.0,1015.0,16.0,15.0,11.0,19.0,7.0,32.0,1.0,1.0,16461.8732325745,15450.318635209,256.27,7.5,11.95,10.34,23.8,92.62,0.09,12.076,9.135,869,16.535,3.38,12.45
158,2013,5,OtherClothing,1194.0,21.0,16.0,12.0,14.0,10.0,4.0,83.0,61.0,42.0,1020.0,1018.0,1015.0,16.0,15.0,11.0,19.0,7.0,32.0,1.0,1.0,16461.8732325745,15450.318635209,256.27,7.5,11.95,10.34,23.8,92.62,0.09,12.076,9.135,869,16.535,3.38,12.45
159,2013,6,WomenClothing,3360.0,27.0,22.5,18.0,18.5,16.0,13.0,85.5,67.5,47.5,1015.5,1012.0,1009.5,16.0,14.0,8.0,21.0,7.0,34.0,0.0,0.0,16641.1628402815,15584.747527855,256.911,7.5,11.95,10.34,23.92,93.08,0.5,9.82,7.896,785,12.92,3.475,10.35
160,2013,6,MenClothing,678.0,27.0,22.5,18.0,18.5,16.0,13.0,85.5,67.5,47.5,1015.5,1012.0,1009.5,16.0,14.0,8.0,21.0,7.0,34.0,0.0,0.0,16641.1628402815,15584.747527855,256.911,7.5,11.95,10.34,23.92,93.08,0.5,9.82,7.896,785,12.92,3.475,10.35
161,2013,6,OtherClothing,1261.0,27.0,22.5,18.0,18.5,16.0,13.0,85.5,67.5,47.5,1015.5,1012.0,1009.5,16.0,14.0,8.0,21.0,7.0,34.0,0.0,0.0,16641.1628402815,15584.747527855,256.911,7.5,11.95,10.34,23.92,93.08,0.5,9.82,7.896,785,12.92,3.475,10.35
162,2013,7,WomenClothing,3320.0,30.0,27.0,23.0,22.0,21.0,18.0,85.0,66.0,47.0,1018.0,1016.0,1014.0,16.0,14.0,10.0,21.0,7.0,32.0,0.0,0.0,16685.7422459966,15606.008068178,257.326,7.3,11.95,10.34,23.81,92.62,-0.49,10.025,7.579,815,12.872,3.475,10.35
163,2013,7,MenClothing,648.0,30.0,27.0,23.0,22.0,21.0,18.0,85.0,66.0,47.0,1018.0,1016.0,1014.0,16.0,14.0,10.0,21.0,7.0,32.0,0.0,0.0,16685.7422459966,15606.008068178,257.326,7.3,11.95,10.34,23.81,92.62,-0.49,10.025,7.579,815,12.872,3.475,10.35
164,2013,7,OtherClothing,1126.0,30.0,27.0,23.0,22.0,21.0,18.0,85.0,66.0,47.0,1018.0,1016.0,1014.0,16.0,14.0,10.0,21.0,7.0,32.0,0.0,0.0,16685.7422459966,15606.008068178,257.326,7.3,11.95,10.34,23.81,92.62,-0.49,10.025,7.579,815,12.872,3.475,10.35
165,2013,8,WomenClothing,3539.0,28.0,24.0,20.0,19.0,16.0,13.0,84.0,64.0,41.0,1018.0,1015.0,1013.0,16.0,16.0,13.0,16.0,6.0,29.0,0.0,0.0,16776.9925650618,15673.4399705102,257.659,7.3,11.88,10.13,23.8,92.71,0.1,10.015,7.519,796,12.473,3.48,13.38
166,2013,8,MenClothing,687.0,28.0,24.0,20.0,19.0,16.0,13.0,84.0,64.0,41.0,1018.0,1015.0,1013.0,16.0,16.0,13.0,16.0,6.0,29.0,0.0,0.0,16776.9925650618,15673.4399705102,257.659,7.3,11.88,10.13,23.8,92.71,0.1,10.015,7.519,796,12.473,3.48,13.38
167,2013,8,OtherClothing,1311.0,28.0,24.0,20.0,19.0,16.0,13.0,84.0,64.0,41.0,1018.0,1015.0,1013.0,16.0,16.0,13.0,16.0,6.0,29.0,0.0,0.0,16776.9925650618,15673.4399705102,257.659,7.3,11.88,10.13,23.8,92.71,0.1,10.015,7.519,796,12.473,3.48,13.38
168,2013,9,WomenClothing,3720.0,23.5,18.5,14.0,13.0,11.0,8.0,78.0,60.5,40.5,1020.0,1017.0,1014.0,16.0,16.0,16.0,19.0,7.0,27.0,0.0,0.0,16785.3121890169,15644.8322684107,258.504,7.2,11.88,10.13,24.16,90.09,-2.83,10.136,7.582,777,12.273,3.48,9.65
169,2013,9,MenClothing,681.0,23.5,18.5,14.0,13.0,11.0,8.0,78.0,60.5,40.5,1020.0,1017.0,1014.0,16.0,16.0,16.0,19.0,7.0,27.0,0.0,0.0,16785.3121890169,15644.8322684107,258.504,7.2,11.88,10.13,24.16,90.09,-2.83,10.136,7.582,777,12.273,3.48,9.65
170,2013,9,OtherClothing,1043.0,23.5,18.5,14.0,13.0,11.0,8.0,78.0,60.5,40.5,1020.0,1017.0,1014.0,16.0,16.0,16.0,19.0,7.0,27.0,0.0,0.0,16785.3121890169,15644.8322684107,258.504,7.2,11.88,10.13,24.16,90.09,-2.83,10.136,7.582,777,12.273,3.48,9.65
171,2013,10,WomenClothing,3590.0,19.0,16.0,12.0,12.0,8.0,4.0,77.0,59.0,44.0,1020.0,1018.0,1016.0,16.0,16.0,16.0,21.0,7.0,34.0,1.0,1.0,16884.8548158416,15729.9593664586,257.069,7.2,11.88,10.13,24.04,89.35,-0.82,10.136,7.582,777,12.273,3.48,9.65
172,2013,10,MenClothing,785.0,19.0,16.0,12.0,12.0,8.0,4.0,77.0,59.0,44.0,1020.0,1018.0,1016.0,16.0,16.0,16.0,21.0,7.0,34.0,1.0,1.0,16884.8548158416,15729.9593664586,257.069,7.2,11.88,10.13,24.04,89.35,-0.82,10.136,7.582,777,12.273,3.48,9.65
174,2013,11,WomenClothing,3834.0,11.5,7.0,2.5,1.5,-3.0,-7.0,65.5,52.0,36.5,1027.0,1022.0,1014.5,16.0,16.0,16.0,24.0,10.0,37.0,0.0,0.0,17053.7381074546,15841.7587619459,257.377,6.9,11.85,10.22,24.11,84.65,-5.26,10.136,7.582,790,12.479,3.58,9.65
175,2013,11,MenClothing,798.0,11.5,7.0,2.5,1.5,-3.0,-7.0,65.5,52.0,36.5,1027.0,1022.0,1014.5,16.0,16.0,16.0,24.0,10.0,37.0,0.0,0.0,17053.7381074546,15841.7587619459,257.377,6.9,11.85,10.22,24.11,84.65,-5.26,10.136,7.582,790,12.479,3.58,9.65
176,2013,11,OtherClothing,1209.0,11.5,7.0,2.5,1.5,-3.0,-7.0,65.5,52.0,36.5,1027.0,1022.0,1014.5,16.0,16.0,16.0,24.0,10.0,37.0,0.0,0.0,17053.7381074546,15841.7587619459,257.377,6.9,11.85,10.22,24.11,84.65,-5.26,10.136,7.582,790,12.479,3.58,9.65
177,2013,12,WomenClothing,4865.0,5.0,2.0,-1.0,-1.0,-4.0,-8.0,77.0,64.0,43.0,1023.0,1019.0,1015.0,16.0,16.0,13.0,24.0,10.0,40.0,0.0,0.0,17061.0710766589,15810.4101820915,257.284,6.7,11.85,10.22,24.3,87.49,3.35,10.136,7.582,788,12.443,3.58,9.65
178,2013,12,MenClothing,1085.0,5.0,2.0,-1.0,-1.0,-4.0,-8.0,77.0,64.0,43.0,1023.0,1019.0,1015.0,16.0,16.0,13.0,24.0,10.0,40.0,0.0,0.0,17061.0710766589,15810.4101820915,257.284,6.7,11.85,10.22,24.3,87.49,3.35,10.136,7.582,788,12.443,3.58,9.65
179,2013,12,OtherClothing,1566.0,5.0,2.0,-1.0,-1.0,-4.0,-8.0,77.0,64.0,43.0,1023.0,1019.0,1015.0,16.0,16.0,13.0,24.0,10.0,40.0,0.0,0.0,17061.0710766589,15810.4101820915,257.284,6.7,11.85,10.22,24.3,87.49,3.35,10.136,7.582,788,12.443,3.58,9.65
